Tree Type, number of samples, sample size, insert rate, query rate
CloudTrie,10,4,4.1067761806981515,8.176614881439084
EC2Trie,10,4,52.35602094240838,53.763440860215056
CloudTrie,10,8,3.201024327784891,4.480286738351254
EC2Trie,10,8,42.73504273504273,42.73504273504273
CloudTrie,10,16,2.035002035002035,2.5595085743537243
EC2Trie,10,16,51.54639175257732,54.34782608695652
